01,穀類,01,農產,92116,1
01,穀類,02,畜產,222700,1
01,穀類,10,其他加工食品,9599104,1
01,穀類,11,飲料,145908,1
01,穀類,55,其他運輸倉儲,537404,1
01,穀類,63,支援服務,22004,1
01,穀類,68,其他服務,2754,1
02,根莖類,01,農產,20098,1
02,根莖類,02,畜產,115880,1
02,根莖類,10,其他加工食品,21640,1
02,根莖類,55,其他運輸倉儲,53664,1
02,根莖類,63,支援服務,3850,1
03,糖料類,01,農產,266138,1
03,糖料類,10,其他加工食品,2439080,1
04,豆類,01,農產,3736,1
04,豆類,02,畜產,160,1
04,豆類,10,其他加工食品,14946,1
04,豆類,23,化學製品,10,1
04,豆類,55,其他運輸倉儲,3686,1
06,油料,01,農產,106442,1
06,油料,02,畜產,6226,1
06,油料,10,其他加工食品,5338664,1
06,油料,23,化學製品,258,1
06,油料,55,其他運輸倉儲,102814,1
07,蔬菜,10,其他加工食品,541002,1
07,蔬菜,11,飲料,9074,1
07,蔬菜,55,其他運輸倉儲,817798,1
07,蔬菜,63,支援服務,30622,1
08,水果,10,其他加工食品,34662,1
08,水果,11,飲料,57184,1
08,水果,55,其他運輸倉儲,377926,1
08,水果,63,支援服務,24872,1
08,水果,68,其他服務,10962,1
09,纖維,13,紡織品,36768,1
09,纖維,14,成衣及服飾品,106,1
10,其他作物(除飼料作物),01,農產,856766,1
10,其他作物(除飼料作物),02,畜產,2736,1
10,其他作物(除飼料作物),10,其他加工食品,434956,1
10,其他作物(除飼料作物),11,飲料,11380,1
10,其他作物(除飼料作物),12,菸,38664,1
10,其他作物(除飼料作物),13,紡織品,17072,1
10,其他作物(除飼料作物),15,皮革、毛皮及其製品,206,1
10,其他作物(除飼料作物),17,紙漿、紙及紙製品,1248,1
10,其他作物(除飼料作物),24,醫療藥品,11930,1
10,其他作物(除飼料作物),25,橡膠製品,36036,1
10,其他作物(除飼料作物),26,塑膠製品,60,1
10,其他作物(除飼料作物),35,電腦、電子及光學產品,6,1
10,其他作物(除飼料作物),36,輸配電,94,1
10,其他作物(除飼料作物),41,家具,1342,1
10,其他作物(除飼料作物),43,電力及蒸汽,380,1
10,其他作物(除飼料作物),47,資源回收處理,10298,1
10,其他作物(除飼料作物),48,污染整治服務,1510,1
10,其他作物(除飼料作物),49,營建工程,37388,1
10,其他作物(除飼料作物),55,其他運輸倉儲,57950,1
10,其他作物(除飼料作物),61,不動產服務,1068,1
10,其他作物(除飼料作物),62,專業、科學及技術服務,1950,1
10,其他作物(除飼料作物),63,支援服務,67380,1
10,其他作物(除飼料作物),68,其他服務,5734,1
11,稻草,01,農產,27018,1
12,其他作物殘株(糖料及飼料用菾菜(甜菜)、其他),01,農產,2464,1
12,其他作物殘株(糖料及飼料用菾菜(甜菜)、其他),02,畜產,1978,1
12,其他作物殘株(糖料及飼料用菾菜(甜菜)、其他),04,漁產,2,1
12,其他作物殘株(糖料及飼料用菾菜(甜菜)、其他),10,其他加工食品,780,1
12,其他作物殘株(糖料及飼料用菾菜(甜菜)、其他),11,飲料,2,1
12,其他作物殘株(糖料及飼料用菾菜(甜菜)、其他),13,紡織品,28,1
12,其他作物殘株(糖料及飼料用菾菜(甜菜)、其他),16,木材及其製品,6,1
12,其他作物殘株(糖料及飼料用菾菜(甜菜)、其他),22,其他化學材料,2,1
12,其他作物殘株(糖料及飼料用菾菜(甜菜)、其他),23,化學製品,240,1
12,其他作物殘株(糖料及飼料用菾菜(甜菜)、其他),40,其他運輸工具,106,1
12,其他作物殘株(糖料及飼料用菾菜(甜菜)、其他),41,家具,68,1
12,其他作物殘株(糖料及飼料用菾菜(甜菜)、其他),42,其他製品及機械修配,12,1
12,其他作物殘株(糖料及飼料用菾菜(甜菜)、其他),49,營建工程,144,1
12,其他作物殘株(糖料及飼料用菾菜(甜菜)、其他),55,其他運輸倉儲,484,1
12,其他作物殘株(糖料及飼料用菾菜(甜菜)、其他),63,支援服務,22,1
14,牧草生物質,02,畜產,3348,1
14,牧草生物質,10,其他加工食品,150636,1
14,牧草生物質,11,飲料,2510,1
14,牧草生物質,13,紡織品,152308,1
14,牧草生物質,24,醫療藥品,106282,1
14,牧草生物質,55,其他運輸倉儲,366546,1
15,木材(工業圓木),01,農產,211898,1
15,木材(工業圓木),02,畜產,11964,1
15,木材(工業圓木),16,木材及其製品,6271214,1
15,木材(工業圓木),40,其他運輸工具,189662,1
15,木材(工業圓木),41,家具,298208,1
15,木材(工業圓木),47,資源回收處理,172620,1
15,木材(工業圓木),48,污染整治服務,421630,1
15,木材(工業圓木),49,營建工程,3049876,1
16,木材燃料及其他萃取物,01,農產,56,1
16,木材燃料及其他萃取物,02,畜產,84,1
16,木材燃料及其他萃取物,03,林產,764,1
16,木材燃料及其他萃取物,04,漁產,114,1
16,木材燃料及其他萃取物,13,紡織品,16,1
16,木材燃料及其他萃取物,14,成衣及服飾品,6,1
16,木材燃料及其他萃取物,16,木材及其製品,498,1
16,木材燃料及其他萃取物,17,紙漿、紙及紙製品,118,1
16,木材燃料及其他萃取物,41,家具,148,1
16,木材燃料及其他萃取物,47,資源回收處理,28,1
16,木材燃料及其他萃取物,49,營建工程,350,1
16,木材燃料及其他萃取物,63,支援服務,22,1
17,捕撈野生魚類,02,畜產,4316,1
17,捕撈野生魚類,04,漁產,20768,1
17,捕撈野生魚類,10,其他加工食品,66846,1
17,捕撈野生魚類,55,其他運輸倉儲,5896,1
17,捕撈野生魚類,63,支援服務,2260,1
17,捕撈野生魚類,68,其他服務,134,1
19,狩獵及採集,10,其他加工食品,3870,1
19,狩獵及採集,11,飲料,142,1
19,狩獵及採集,24,醫療藥品,452,1
19,狩獵及採集,55,其他運輸倉儲,1178,1
20,鐵,07,建築用砂石,20406120,1
20,鐵,29,鋼鐵,48974910,1
20,鐵,31,金屬製品,2218,1
21,銅,15,皮革、毛皮及其製品,22,1
21,銅,16,木材及其製品,10,1
21,銅,18,印刷及資料儲存媒體複製,1302,1
21,銅,25,橡膠製品,498,1
21,銅,26,塑膠製品,504,1
21,銅,28,非金屬礦物製品,48,1
21,銅,29,鋼鐵,12842,1
21,銅,30,其他金屬,281750,1
21,銅,31,金屬製品,107020,1
21,銅,32,半導體,29168,1
21,銅,33,光電材料及元件,238448,1
21,銅,34,其他電子零組件,386,1
21,銅,35,電腦、電子及光學產品,421696,1
21,銅,36,輸配電,4118,1
21,銅,37,其他電力設備,20026,1
21,銅,38,機械設備,67510,1
21,銅,39,汽車及其零件,1684,1
21,銅,40,其他運輸工具,2998,1
21,銅,41,家具,13222,1
21,銅,42,其他製品及機械修配,836,1
21,銅,61,不動產服務,182,1
22,鎳,13,紡織品,16,1
22,鎳,15,皮革、毛皮及其製品,22,1
22,鎳,18,印刷及資料儲存媒體複製,22,1
22,鎳,19,石油煉製品,80,1
22,鎳,21,石油化工原料,14,1
22,鎳,22,其他化學材料,8026,1
22,鎳,23,化學製品,834,1
22,鎳,25,橡膠製品,46,1
22,鎳,27,水泥,30,1
22,鎳,28,非金屬礦物製品,226,1
22,鎳,29,鋼鐵,38606,1
22,鎳,30,其他金屬,15034,1
22,鎳,31,金屬製品,7542,1
22,鎳,32,半導體,10020,1
22,鎳,33,光電材料及元件,2350,1
22,鎳,34,其他電子零組件,4458,1
22,鎳,35,電腦、電子及光學產品,2834,1
22,鎳,36,輸配電,1376,1
22,鎳,37,其他電力設備,422,1
22,鎳,38,機械設備,1634,1
22,鎳,39,汽車及其零件,300,1
22,鎳,40,其他運輸工具,436,1
22,鎳,41,家具,1996,1
22,鎳,42,其他製品及機械修配,30,1
22,鎳,47,資源回收處理,24,1
22,鎳,61,不動產服務,562,1
22,鎳,62,專業、科學及技術服務,186,1
22,鎳,68,其他服務,30,1
23,鉛,13,紡織品,24,1
23,鉛,15,皮革、毛皮及其製品,32,1
23,鉛,18,印刷及資料儲存媒體複製,32,1
23,鉛,19,石油煉製品,118,1
23,鉛,21,石油化工原料,22,1
23,鉛,22,其他化學材料,11950,1
23,鉛,23,化學製品,1242,1
23,鉛,25,橡膠製品,68,1
23,鉛,27,水泥,44,1
23,鉛,28,非金屬礦物製品,336,1
23,鉛,29,鋼鐵,57484,1
23,鉛,30,其他金屬,22386,1
23,鉛,31,金屬製品,11230,1
23,鉛,32,半導體,14920,1
23,鉛,33,光電材料及元件,3500,1
23,鉛,34,其他電子零組件,6636,1
23,鉛,35,電腦、電子及光學產品,4220,1
23,鉛,36,輸配電,2048,1
23,鉛,37,其他電力設備,628,1
23,鉛,38,機械設備,2434,1
23,鉛,39,汽車及其零件,448,1
23,鉛,40,其他運輸工具,650,1
23,鉛,41,家具,2972,1
23,鉛,42,其他製品及機械修配,44,1
23,鉛,47,資源回收處理,36,1
23,鉛,61,不動產服務,836,1
23,鉛,62,專業、科學及技術服務,278,1
23,鉛,68,其他服務,44,1
24,鋅,11,飲料,2,1
24,鋅,13,紡織品,76,1
24,鋅,15,皮革、毛皮及其製品,100,1
24,鋅,18,印刷及資料儲存媒體複製,100,1
24,鋅,19,石油煉製品,370,1
24,鋅,21,石油化工原料,66,1
24,鋅,22,其他化學材料,37514,1
24,鋅,23,化學製品,3900,1
24,鋅,25,橡膠製品,210,1
24,鋅,27,水泥,142,1
24,鋅,28,非金屬礦物製品,1058,1
24,鋅,29,鋼鐵,180460,1
24,鋅,30,其他金屬,70274,1
24,鋅,31,金屬製品,35256,1
24,鋅,32,半導體,46840,1
24,鋅,33,光電材料及元件,10986,1
24,鋅,34,其他電子零組件,20836,1
24,鋅,35,電腦、電子及光學產品,13250,1
24,鋅,36,輸配電,6432,1
24,鋅,37,其他電力設備,1970,1
24,鋅,38,機械設備,7638,1
24,鋅,39,汽車及其零件,1406,1
24,鋅,40,其他運輸工具,2042,1
24,鋅,41,家具,9328,1
24,鋅,42,其他製品及機械修配,142,1
24,鋅,47,資源回收處理,114,1
24,鋅,61,不動產服務,2624,1
24,鋅,62,專業、科學及技術服務,870,1
24,鋅,68,其他服務,142,1
25,錫,13,紡織品,4,1
25,錫,15,皮革、毛皮及其製品,6,1
25,錫,18,印刷及資料儲存媒體複製,6,1
25,錫,19,石油煉製品,20,1
25,錫,21,石油化工原料,4,1
25,錫,22,其他化學材料,2058,1
25,錫,23,化學製品,214,1
25,錫,25,橡膠製品,12,1
25,錫,27,水泥,8,1
25,錫,28,非金屬礦物製品,58,1
25,錫,29,鋼鐵,9902,1
25,錫,30,其他金屬,3856,1
25,錫,31,金屬製品,1934,1
25,錫,32,半導體,2570,1
25,錫,33,光電材料及元件,602,1
25,錫,34,其他電子零組件,1144,1
25,錫,35,電腦、電子及光學產品,728,1
25,錫,36,輸配電,352,1
25,錫,37,其他電力設備,108,1
25,錫,38,機械設備,420,1
25,錫,39,汽車及其零件,78,1
25,錫,40,其他運輸工具,112,1
25,錫,41,家具,512,1
25,錫,42,其他製品及機械修配,8,1
25,錫,47,資源回收處理,6,1
25,錫,61,不動產服務,144,1
25,錫,62,專業、科學及技術服務,48,1
25,錫,68,其他服務,8,1
26,金、銀、鉑及其他貴重金屬,19,石油煉製品,2,1
26,金、銀、鉑及其他貴重金屬,22,其他化學材料,300,1
26,金、銀、鉑及其他貴重金屬,23,化學製品,32,1
26,金、銀、鉑及其他貴重金屬,25,橡膠製品,2,1
26,金、銀、鉑及其他貴重金屬,27,水泥,2,1
26,金、銀、鉑及其他貴重金屬,28,非金屬礦物製品,8,1
26,金、銀、鉑及其他貴重金屬,29,鋼鐵,1446,1
26,金、銀、鉑及其他貴重金屬,30,其他金屬,564,1
26,金、銀、鉑及其他貴重金屬,31,金屬製品,282,1
26,金、銀、鉑及其他貴重金屬,32,半導體,376,1
26,金、銀、鉑及其他貴重金屬,33,光電材料及元件,88,1
26,金、銀、鉑及其他貴重金屬,34,其他電子零組件,166,1
26,金、銀、鉑及其他貴重金屬,35,電腦、電子及光學產品,106,1
26,金、銀、鉑及其他貴重金屬,36,輸配電,52,1
26,金、銀、鉑及其他貴重金屬,37,其他電力設備,16,1
26,金、銀、鉑及其他貴重金屬,38,機械設備,62,1
26,金、銀、鉑及其他貴重金屬,39,汽車及其零件,12,1
26,金、銀、鉑及其他貴重金屬,40,其他運輸工具,16,1
26,金、銀、鉑及其他貴重金屬,41,家具,74,1
26,金、銀、鉑及其他貴重金屬,42,其他製品及機械修配,2,1
26,金、銀、鉑及其他貴重金屬,61,不動產服務,22,1
26,金、銀、鉑及其他貴重金屬,62,專業、科學及技術服務,6,1
26,金、銀、鉑及其他貴重金屬,68,其他服務,2,1
27,鋁土礦及其他鋁,11,飲料,10,1
27,鋁土礦及其他鋁,13,紡織品,292,1
27,鋁土礦及其他鋁,15,皮革、毛皮及其製品,384,1
27,鋁土礦及其他鋁,18,印刷及資料儲存媒體複製,384,1
27,鋁土礦及其他鋁,19,石油煉製品,1414,1
27,鋁土礦及其他鋁,21,石油化工原料,256,1
27,鋁土礦及其他鋁,22,其他化學材料,121858,1
27,鋁土礦及其他鋁,23,化學製品,12474,1
27,鋁土礦及其他鋁,25,橡膠製品,802,1
27,鋁土礦及其他鋁,27,水泥,538,1
27,鋁土礦及其他鋁,28,非金屬礦物製品,2326,1
27,鋁土礦及其他鋁,29,鋼鐵,687164,1
27,鋁土礦及其他鋁,30,其他金屬,267956,1
27,鋁土礦及其他鋁,31,金屬製品,134344,1
27,鋁土礦及其他鋁,32,半導體,178598,1
27,鋁土礦及其他鋁,33,光電材料及元件,41894,1
27,鋁土礦及其他鋁,34,其他電子零組件,79446,1
27,鋁土礦及其他鋁,35,電腦、電子及光學產品,50520,1
27,鋁土礦及其他鋁,36,輸配電,24522,1
27,鋁土礦及其他鋁,37,其他電力設備,7514,1
27,鋁土礦及其他鋁,38,機械設備,29126,1
27,鋁土礦及其他鋁,39,汽車及其零件,5362,1
27,鋁土礦及其他鋁,40,其他運輸工具,7788,1
27,鋁土礦及其他鋁,41,家具,35574,1
27,鋁土礦及其他鋁,42,其他製品及機械修配,538,1
27,鋁土礦及其他鋁,47,資源回收處理,438,1
27,鋁土礦及其他鋁,61,不動產服務,10004,1
27,鋁土礦及其他鋁,62,專業、科學及技術服務,3320,1
27,鋁土礦及其他鋁,68,其他服務,538,1
29,其他非鐵金屬,22,其他化學材料,397122,1
29,其他非鐵金屬,23,化學製品,43042,1
29,其他非鐵金屬,28,非金屬礦物製品,48402,1
29,其他非鐵金屬,29,鋼鐵,16568,1
29,其他非鐵金屬,31,金屬製品,1624,1
30,大理石、花崗岩、砂岩、斑岩、玄武岩、其他裝飾用或營建石材(除板岩),05,石油及天然氣礦業,3346,1
30,大理石、花崗岩、砂岩、斑岩、玄武岩、其他裝飾用或營建石材(除板岩),08,其他非金屬礦產,54068,1
30,大理石、花崗岩、砂岩、斑岩、玄武岩、其他裝飾用或營建石材(除板岩),19,石油煉製品,11040,1
30,大理石、花崗岩、砂岩、斑岩、玄武岩、其他裝飾用或營建石材(除板岩),21,石油化工原料,14344,1
30,大理石、花崗岩、砂岩、斑岩、玄武岩、其他裝飾用或營建石材(除板岩),22,其他化學材料,17214,1
30,大理石、花崗岩、砂岩、斑岩、玄武岩、其他裝飾用或營建石材(除板岩),27,水泥,6641206,1
30,大理石、花崗岩、砂岩、斑岩、玄武岩、其他裝飾用或營建石材(除板岩),28,非金屬礦物製品,477430,1
30,大理石、花崗岩、砂岩、斑岩、玄武岩、其他裝飾用或營建石材(除板岩),47,資源回收處理,1966146,1
30,大理石、花崗岩、砂岩、斑岩、玄武岩、其他裝飾用或營建石材(除板岩),48,污染整治服務,1347910,1
30,大理石、花崗岩、砂岩、斑岩、玄武岩、其他裝飾用或營建石材(除板岩),49,營建工程,8461044,1
30,大理石、花崗岩、砂岩、斑岩、玄武岩、其他裝飾用或營建石材(除板岩),63,支援服務,19128,1
31,白堊及白雲石,05,石油及天然氣礦業,228,1
31,白堊及白雲石,08,其他非金屬礦產,5976,1
31,白堊及白雲石,19,石油煉製品,1742,1
31,白堊及白雲石,21,石油化工原料,980,1
31,白堊及白雲石,22,其他化學材料,1176,1
31,白堊及白雲石,27,水泥,618510,1
31,白堊及白雲石,28,非金屬礦物製品,33006,1
31,白堊及白雲石,47,資源回收處理,135068,1
31,白堊及白雲石,48,污染整治服務,92530,1
31,白堊及白雲石,49,營建工程,598588,1
31,白堊及白雲石,63,支援服務,1306,1
32,板岩,05,石油及天然氣礦業,6,1
32,板岩,08,其他非金屬礦產,126,1
32,板岩,19,石油煉製品,32,1
32,板岩,21,石油化工原料,26,1
32,板岩,22,其他化學材料,32,1
32,板岩,27,水泥,14142,1
32,板岩,28,非金屬礦物製品,894,1
32,板岩,47,資源回收處理,3676,1
32,板岩,48,污染整治服務,2518,1
32,板岩,49,營建工程,16002,1
32,板岩,63,支援服務,36,1
33,化學及肥料礦物,07,建築用砂石,3072,1
33,化學及肥料礦物,08,其他非金屬礦產,1080,1
33,化學及肥料礦物,09,屠宰生肉及副產,84,1
33,化學及肥料礦物,10,其他加工食品,788,1
33,化學及肥料礦物,13,紡織品,228,1
33,化學及肥料礦物,17,紙漿、紙及紙製品,4484,1
33,化學及肥料礦物,20,焦炭及其他煤製品,471068,1
33,化學及肥料礦物,22,其他化學材料,7598,1
33,化學及肥料礦物,23,化學製品,146,1
33,化學及肥料礦物,25,橡膠製品,622,1
33,化學及肥料礦物,26,塑膠製品,1454,1
33,化學及肥料礦物,27,水泥,112550,1
33,化學及肥料礦物,28,非金屬礦物製品,29628,1
33,化學及肥料礦物,29,鋼鐵,71960,1
33,化學及肥料礦物,30,其他金屬,290,1
33,化學及肥料礦物,31,金屬製品,1454,1
33,化學及肥料礦物,37,其他電力設備,1952,1
33,化學及肥料礦物,38,機械設備,540,1
33,化學及肥料礦物,42,其他製品及機械修配,1749112,1
33,化學及肥料礦物,51,軌道車輛運輸,560,1
34,鹽,02,畜產,9810,1
34,鹽,04,漁產,25520,1
34,鹽,09,屠宰生肉及副產,88642,1
34,鹽,10,其他加工食品,672624,1
34,鹽,13,紡織品,307044,1
34,鹽,15,皮革、毛皮及其製品,78822,1
34,鹽,17,紙漿、紙及紙製品,199962,1
34,鹽,21,石油化工原料,13150,1
34,鹽,22,其他化學材料,4022670,1
34,鹽,23,化學製品,1014282,1
34,鹽,28,非金屬礦物製品,122248,1
34,鹽,31,金屬製品,5686,1
34,鹽,41,家具,11372,1
35,石灰岩及石膏,01,農產,2988,1
35,石灰岩及石膏,04,漁產,1034,1
35,石灰岩及石膏,08,其他非金屬礦產,2988,1
35,石灰岩及石膏,09,屠宰生肉及副產,114,1
35,石灰岩及石膏,23,化學製品,460,1
35,石灰岩及石膏,27,水泥,2370896,1
35,石灰岩及石膏,28,非金屬礦物製品,93368,1
35,石灰岩及石膏,29,鋼鐵,1034,1
35,石灰岩及石膏,37,其他電力設備,344,1
35,石灰岩及石膏,45,自來水,2758,1
35,石灰岩及石膏,47,資源回收處理,479204,1
35,石灰岩及石膏,48,污染整治服務,396722,1
35,石灰岩及石膏,49,營建工程,670566,1
35,石灰岩及石膏,63,支援服務,32968,1
35,石灰岩及石膏,68,其他服務,1722,1
36,黏土及高嶺土,05,石油及天然氣礦業,222,1
36,黏土及高嶺土,08,其他非金屬礦產,6460,1
36,黏土及高嶺土,19,石油煉製品,1972,1
36,黏土及高嶺土,21,石油化工原料,958,1
36,黏土及高嶺土,22,其他化學材料,1148,1
36,黏土及高嶺土,27,水泥,649026,1
36,黏土及高嶺土,28,非金屬礦物製品,32320,1
36,黏土及高嶺土,47,資源回收處理,132024,1
36,黏土及高嶺土,48,污染整治服務,90428,1
36,黏土及高嶺土,49,營建工程,589856,1
36,黏土及高嶺土,63,支援服務,1274,1
37,砂及礫,05,石油及天然氣礦業,24012,1
37,砂及礫,08,其他非金屬礦產,412574,1
37,砂及礫,19,石油煉製品,89888,1
37,砂及礫,21,石油化工原料,102914,1
37,砂及礫,22,其他化學材料,123496,1
37,砂及礫,27,水泥,49428052,1
37,砂及礫,28,非金屬礦物製品,3429352,1
37,砂及礫,47,資源回收處理,14113394,1
37,砂及礫,48,污染整治服務,9674868,1
37,砂及礫,49,營建工程,60922788,1
37,砂及礫,63,支援服務,137218,1
38,其他非金屬礦,07,建築用砂石,59526,1
38,其他非金屬礦,08,其他非金屬礦產,5900,1
38,其他非金屬礦,09,屠宰生肉及副產,5632,1
38,其他非金屬礦,10,其他加工食品,2306,1
38,其他非金屬礦,17,紙漿、紙及紙製品,21596,1
38,其他非金屬礦,20,焦炭及其他煤製品,88,1
38,其他非金屬礦,22,其他化學材料,220398,1
38,其他非金屬礦,23,化學製品,10936,1
38,其他非金屬礦,25,橡膠製品,978,1
38,其他非金屬礦,27,水泥,327070,1
38,其他非金屬礦,28,非金屬礦物製品,904142,1
38,其他非金屬礦,29,鋼鐵,37274,1
38,其他非金屬礦,30,其他金屬,29634,1
38,其他非金屬礦,31,金屬製品,2038,1
38,其他非金屬礦,32,半導體,176,1
38,其他非金屬礦,33,光電材料及元件,4530,1
38,其他非金屬礦,35,電腦、電子及光學產品,1608,1
38,其他非金屬礦,36,輸配電,7188,1
38,其他非金屬礦,37,其他電力設備,1162,1
38,其他非金屬礦,38,機械設備,4814,1
38,其他非金屬礦,40,其他運輸工具,984,1
38,其他非金屬礦,41,家具,16812,1
38,其他非金屬礦,47,資源回收處理,126192,1
38,其他非金屬礦,48,污染整治服務,40456,1
38,其他非金屬礦,49,營建工程,292140,1
38,其他非金屬礦,63,支援服務,446,1
38,其他非金屬礦,68,其他服務,716,1
40,褐煤,07,建築用砂石,6188,1
40,褐煤,08,其他非金屬礦產,2174,1
40,褐煤,09,屠宰生肉及副產,168,1
40,褐煤,10,其他加工食品,1588,1
40,褐煤,13,紡織品,460,1
40,褐煤,17,紙漿、紙及紙製品,9030,1
40,褐煤,20,焦炭及其他煤製品,948564,1
40,褐煤,22,其他化學材料,15302,1
40,褐煤,23,化學製品,292,1
40,褐煤,25,橡膠製品,1254,1
40,褐煤,26,塑膠製品,2926,1
40,褐煤,27,水泥,226636,1
40,褐煤,28,非金屬礦物製品,59658,1
40,褐煤,29,鋼鐵,144904,1
40,褐煤,30,其他金屬,586,1
40,褐煤,31,金屬製品,2926,1
40,褐煤,37,其他電力設備,3930,1
40,褐煤,38,機械設備,1086,1
40,褐煤,42,其他製品及機械修配,3522090,1
40,褐煤,51,軌道車輛運輸,1128,1
41,硬煤,07,建築用砂石,2809818,1
41,硬煤,08,其他非金屬礦產,91996,1
41,硬煤,09,屠宰生肉及副產,17448,1
41,硬煤,10,其他加工食品,32516,1
41,硬煤,13,紡織品,8724,1
41,硬煤,17,紙漿、紙及紙製品,171302,1
41,硬煤,20,焦炭及其他煤製品,21343680,1
41,硬煤,22,其他化學材料,605900,1
41,硬煤,23,化學製品,5552,1
41,硬煤,25,橡膠製品,23792,1
41,硬煤,26,塑膠製品,55514,1
41,硬煤,27,水泥,4299190,1
41,硬煤,28,非金屬礦物製品,1426718,1
41,硬煤,29,鋼鐵,24320834,1
41,硬煤,30,其他金屬,86444,1
41,硬煤,31,金屬製品,944536,1
41,硬煤,32,半導體,16654,1
41,硬煤,37,其他電力設備,177646,1
41,硬煤,38,機械設備,53136,1
41,硬煤,39,汽車及其零件,794,1
41,硬煤,42,其他製品及機械修配,70535734,1
41,硬煤,51,軌道車輛運輸,21412,1
43,泥煤,07,建築用砂石,36,1
43,泥煤,08,其他非金屬礦產,12,1
43,泥煤,10,其他加工食品,10,1
43,泥煤,13,紡織品,2,1
43,泥煤,17,紙漿、紙及紙製品,54,1
43,泥煤,20,焦炭及其他煤製品,5632,1
43,泥煤,22,其他化學材料,90,1
43,泥煤,23,化學製品,2,1
43,泥煤,25,橡膠製品,8,1
43,泥煤,26,塑膠製品,18,1
43,泥煤,27,水泥,1346,1
43,泥煤,28,非金屬礦物製品,354,1
43,泥煤,29,鋼鐵,860,1
43,泥煤,30,其他金屬,4,1
43,泥煤,31,金屬製品,18,1
43,泥煤,37,其他電力設備,24,1
43,泥煤,38,機械設備,6,1
43,泥煤,42,其他製品及機械修配,20914,1
43,泥煤,51,軌道車輛運輸,6,1
44,原油、凝結油及液態天然氣,01,農產,760,1
44,原油、凝結油及液態天然氣,03,林產,568,1
44,原油、凝結油及液態天然氣,04,漁產,42150,1
44,原油、凝結油及液態天然氣,05,石油及天然氣礦業,13860,1
44,原油、凝結油及液態天然氣,08,其他非金屬礦產,23352,1
44,原油、凝結油及液態天然氣,09,屠宰生肉及副產,6266,1
44,原油、凝結油及液態天然氣,10,其他加工食品,74046,1
44,原油、凝結油及液態天然氣,11,飲料,22024,1
44,原油、凝結油及液態天然氣,13,紡織品,165370,1
44,原油、凝結油及液態天然氣,14,成衣及服飾品,9874,1
44,原油、凝結油及液態天然氣,15,皮革、毛皮及其製品,12530,1
44,原油、凝結油及液態天然氣,16,木材及其製品,7024,1
44,原油、凝結油及液態天然氣,17,紙漿、紙及紙製品,8924,1
44,原油、凝結油及液態天然氣,19,石油煉製品,145744708,1
44,原油、凝結油及液態天然氣,20,焦炭及其他煤製品,58848,1
44,原油、凝結油及液態天然氣,21,石油化工原料,6442,1
44,原油、凝結油及液態天然氣,22,其他化學材料,296870,1
44,原油、凝結油及液態天然氣,23,化學製品,84242,1
44,原油、凝結油及液態天然氣,25,橡膠製品,27656,1
44,原油、凝結油及液態天然氣,26,塑膠製品,61934,1
44,原油、凝結油及液態天然氣,27,水泥,63348,1
44,原油、凝結油及液態天然氣,28,非金屬礦物製品,130054,1
44,原油、凝結油及液態天然氣,29,鋼鐵,33796,1
44,原油、凝結油及液態天然氣,30,其他金屬,59048,1
44,原油、凝結油及液態天然氣,31,金屬製品,3038,1
44,原油、凝結油及液態天然氣,32,半導體,3228,1
44,原油、凝結油及液態天然氣,33,光電材料及元件,760,1
44,原油、凝結油及液態天然氣,34,其他電子零組件,760,1
44,原油、凝結油及液態天然氣,35,電腦、電子及光學產品,22404,1
44,原油、凝結油及液態天然氣,36,輸配電,5126,1
44,原油、凝結油及液態天然氣,37,其他電力設備,18226,1
44,原油、凝結油及液態天然氣,38,機械設備,45946,1
44,原油、凝結油及液態天然氣,39,汽車及其零件,6836,1
44,原油、凝結油及液態天然氣,40,其他運輸工具,12910,1
44,原油、凝結油及液態天然氣,41,家具,10442,1
44,原油、凝結油及液態天然氣,42,其他製品及機械修配,17464,1
44,原油、凝結油及液態天然氣,45,自來水,760,1
44,原油、凝結油及液態天然氣,47,資源回收處理,2280,1
44,原油、凝結油及液態天然氣,48,污染整治服務,6646,1
44,原油、凝結油及液態天然氣,49,營建工程,1900,1
44,原油、凝結油及液態天然氣,50,批發及零售,84678,1
44,原油、凝結油及液態天然氣,51,軌道車輛運輸,760,1
44,原油、凝結油及液態天然氣,52,其他陸上運輸,209228,1
44,原油、凝結油及液態天然氣,53,水上運輸,142586,1
44,原油、凝結油及液態天然氣,54,空中運輸,9874,1
44,原油、凝結油及液態天然氣,55,其他運輸倉儲,62844,1
44,原油、凝結油及液態天然氣,61,不動產服務,13102,1
44,原油、凝結油及液態天然氣,62,專業、科學及技術服務,8544,1
44,原油、凝結油及液態天然氣,63,支援服務,5886,1
44,原油、凝結油及液態天然氣,64,公共行政服務,3796,1
44,原油、凝結油及液態天然氣,66,醫療保健及社會工作服務,1140,1
44,原油、凝結油及液態天然氣,68,其他服務,13860,1
45,天然氣,01,農產,20,1
45,天然氣,02,畜產,16,1
45,天然氣,03,林產,10,1
45,天然氣,05,石油及天然氣礦業,2426,1
45,天然氣,08,其他非金屬礦產,96,1
45,天然氣,09,屠宰生肉及副產,20,1
45,天然氣,10,其他加工食品,4592,1
45,天然氣,11,飲料,248,1
45,天然氣,13,紡織品,4610,1
45,天然氣,14,成衣及服飾品,212,1
45,天然氣,15,皮革、毛皮及其製品,56,1
45,天然氣,16,木材及其製品,182,1
45,天然氣,17,紙漿、紙及紙製品,2876,1
45,天然氣,18,印刷及資料儲存媒體複製,842,1
45,天然氣,19,石油煉製品,11460,1
45,天然氣,20,焦炭及其他煤製品,126,1
45,天然氣,21,石油化工原料,8452,1
45,天然氣,22,其他化學材料,5662,1
45,天然氣,23,化學製品,1958,1
45,天然氣,24,醫療藥品,554,1
45,天然氣,25,橡膠製品,812,1
45,天然氣,26,塑膠製品,4468,1
45,天然氣,27,水泥,182,1
45,天然氣,28,非金屬礦物製品,14044,1
45,天然氣,29,鋼鐵,15608,1
45,天然氣,30,其他金屬,5100,1
45,天然氣,31,金屬製品,9878,1
45,天然氣,32,半導體,10362,1
45,天然氣,33,光電材料及元件,1086,1
45,天然氣,34,其他電子零組件,2960,1
45,天然氣,35,電腦、電子及光學產品,4986,1
45,天然氣,36,輸配電,854,1
45,天然氣,37,其他電力設備,1460,1
45,天然氣,38,機械設備,4576,1
45,天然氣,39,汽車及其零件,300,1
45,天然氣,40,其他運輸工具,1036,1
45,天然氣,41,家具,846,1
45,天然氣,42,其他製品及機械修配,134606,1
45,天然氣,43,電力及蒸汽,6,1
45,天然氣,45,自來水,6,1
45,天然氣,47,資源回收處理,222,1
45,天然氣,48,污染整治服務,492,1
45,天然氣,49,營建工程,8666,1
45,天然氣,50,批發及零售,2278,1
45,天然氣,51,軌道車輛運輸,146,1
45,天然氣,52,其他陸上運輸,172,1
45,天然氣,53,水上運輸,86,1
45,天然氣,54,空中運輸,6,1
45,天然氣,55,其他運輸倉儲,53990,1
45,天然氣,56,住宿及餐飲,232,1
45,天然氣,57,傳播服務,974,1
45,天然氣,58,電信,40,1
45,天然氣,59,資訊服務,908,1
45,天然氣,60,金融及保險,3472,1
45,天然氣,61,不動產服務,364,1
45,天然氣,62,專業、科學及技術服務,3752,1
45,天然氣,63,支援服務,2560,1
45,天然氣,64,公共行政服務,2352,1
45,天然氣,65,教育訓練服務,314,1
45,天然氣,66,醫療保健及社會工作服務,1440,1
45,天然氣,67,藝術、娛樂及休閒服務,232,1
45,天然氣,68,其他服務,2398,1
